BOM: part C5_1 filtered out because of missing manufacturer part number
Pick-n-place: part C1_2 filtered out because of missing pick-n-place string
{'5.40': '58.30', '23.90': '14.35', '270.00': '270.00', '1N': '1u', 'C0402': '0805'}
Pick-n-place: part C1_3 filtered out because of missing pick-n-place string
{'5.40': '56.49', '23.90': '30.15', '270.00': '180.00', '1N': '1.0uF', 'C0402': '0603'}
Pick-n-place: part C1_4 filtered out because of missing pick-n-place string
{'5.40': '28.40', '23.90': '38.90', '270.00': '0.00', '1N': '1u', 'C0402': 'C0603'}
Pick-n-place: part C1_5 filtered out because of missing pick-n-place string
{'5.40': '58.00', '23.90': '52.00', '270.00': '180.00', '1N': '4.7u', 'C0402': 'C0603'}
Pick-n-place: part C26_4 filtered out because of missing pick-n-place string
{'5.40': '32.00', '23.90': '40.70', '270.00': '90.00', '1N': '1u', 'C0402': 'C0603'}
Pick-n-place: part C27_4 filtered out because of missing pick-n-place string
{'5.40': '26.80', '23.90': '53.10', '270.00': '0.00', '1N': '22p', 'C0402': 'C0402'}
Pick-n-place: part C27_5 filtered out because of missing pick-n-place string
{'5.40': '59.70', '23.90': '44.40', '270.00': '180.00', '1N': '22p', 'C0402': 'C0402'}
Pick-n-place: part C28_4 filtered out because of missing pick-n-place string
{'5.40': '28.30', '23.90': '45.81', '270.00': '0.00', '1N': '4.7u', 'C0402': 'C0603'}
Pick-n-place: part C2_1 filtered out because of missing pick-n-place string
{'5.40': '15.60', '23.90': '15.60', '270.00': '270.00', '1N': '1n', 'C0402': 'C0402'}
Pick-n-place: part C2_2 filtered out because of missing pick-n-place string
{'5.40': '59.32', '23.90': '5.08', '270.00': '270.00', '1N': '10u', 'C0402': '0805'}
Pick-n-place: part C2_3 filtered out because of missing pick-n-place string
{'5.40': '60.85', '23.90': '27.50', '270.00': '270.00', '1N': '1.0uF', 'C0402': '0603'}
Pick-n-place: part C2_4 filtered out because of missing pick-n-place string
{'5.40': '31.80', '23.90': '47.50', '270.00': '90.00', '1N': '4.7u', 'C0402': 'C0603'}
Pick-n-place: part C2_5 filtered out because of missing pick-n-place string
{'5.40': '54.70', '23.90': '50.00', '270.00': '270.00', '1N': '4.7u', 'C0402': 'C0603'}
Pick-n-place: part C3_1 filtered out because of missing pick-n-place string
{'5.40': '13.60', '23.90': '5.60', '270.00': '90.00', '1N': '', 'C0402': 'C1206'}
Pick-n-place: part C3_2 filtered out because of missing pick-n-place string
{'5.40': '48.65', '23.90': '4.06', '270.00': '270.00', '1N': '1u', 'C0402': '0805'}
Pick-n-place: part C3_4 filtered out because of missing pick-n-place string
{'5.40': '14.00', '23.90': '45.00', '270.00': '180.00', '1N': '22u', 'C0402': 'C0805'}
Pick-n-place: part C4_1 filtered out because of missing pick-n-place string
{'5.40': '16.30', '23.90': '5.60', '270.00': '90.00', '1N': '', 'C0402': 'C1206'}
Pick-n-place: part C4_4 filtered out because of missing pick-n-place string
{'5.40': '15.40', '23.90': '52.30', '270.00': '90.00', '1N': '1u', 'C0402': 'C0603'}
Pick-n-place: part C7_1 filtered out because of missing pick-n-place string
{'5.40': '16.90', '23.90': '19.80', '270.00': '0.00', '1N': '10n', 'C0402': 'C0402'}
Pick-n-place: part D1_1 filtered out because of missing pick-n-place string
{'5.40': '15.60', '23.90': '1.70', '270.00': '180.00', '1N': '3.3V', 'C0402': 'SOD-323'}
Pick-n-place: part D1_2 filtered out because of missing pick-n-place string
{'5.40': '51.70', '23.90': '10.16', '270.00': '180.00', '1N': '', 'C0402': 'SOD-323'}
Pick-n-place: part D2_1 filtered out because of missing pick-n-place string
{'5.40': '7.60', '23.90': '23.90', '270.00': '180.00', '1N': '3.3V', 'C0402': 'SOD-323'}
Pick-n-place: part D2_2 filtered out because of missing pick-n-place string
{'5.40': '51.70', '23.90': '12.70', '270.00': '180.00', '1N': '', 'C0402': 'SOD-323'}
Pick-n-place: part D3_1 filtered out because of missing pick-n-place string
{'5.40': '19.10', '23.90': '2.70', '270.00': '0.00', '1N': 'BAT54', 'C0402': 'SOT23'}
Pick-n-place: part D3_2 filtered out because of missing pick-n-place string
{'5.40': '47.89', '23.90': '8.89', '270.00': '270.00', '1N': '', 'C0402': 'SOD-323'}
Pick-n-place: part D4_1 filtered out because of missing pick-n-place string
{'5.40': '14.90', '23.90': '19.20', '270.00': '270.00', '1N': '3.3V', 'C0402': 'SOD-323'}
Pick-n-place: part D4_2 filtered out because of missing pick-n-place string
{'5.40': '47.89', '23.90': '13.97', '270.00': '90.00', '1N': '', 'C0402': 'SOD-323'}
Pick-n-place: part D5_2 filtered out because of missing pick-n-place string
{'5.40': '55.26', '23.90': '13.59', '270.00': '270.00', '1N': '16V', 'C0402': 'SOD-123'}
Pick-n-place: part J1_1 filtered out because of missing pick-n-place string
{'5.40': '4.90', '23.90': '13.00', '270.00': '90.00', '1N': '', 'C0402': 'JST-2-SMD'}
Pick-n-place: part JP1_4 filtered out because of missing pick-n-place string
{'5.40': '21.00', '23.90': '45.80', '270.00': '90.00', '1N': 'JUMPER-SMT_3_1-NC_PASTE_NO-SILK', 'C0402': 'SMT-JUMPER_3_1-NC_PASTE_NO-SILK'}
Pick-n-place: part JP1_5 filtered out because of missing pick-n-place string
{'5.40': '49.40', '23.90': '59.50', '270.00': '270.00', '1N': 'JST-SH-4', 'C0402': 'JST-SH-4'}
Pick-n-place: part JP2_1 filtered out because of missing pick-n-place string
{'5.40': '21.60', '23.90': '8.50', '270.00': '90.00', '1N': 'JST-SH-4', 'C0402': 'JST-SH-4'}
Pick-n-place: part JP2_5 filtered out because of missing pick-n-place string
{'5.40': '49.40', '23.90': '51.50', '270.00': '270.00', '1N': 'JST-SH-4', 'C0402': 'JST-SH-4'}
Pick-n-place: part JP3_1 filtered out because of missing pick-n-place string
{'5.40': '21.60', '23.90': '17.50', '270.00': '90.00', '1N': 'JST-SH-4', 'C0402': 'JST-SH-4'}
Pick-n-place: part JP3_5 filtered out because of missing pick-n-place string
{'5.40': '49.40', '23.90': '43.50', '270.00': '270.00', '1N': 'JST-SH-4', 'C0402': 'JST-SH-4'}
Pick-n-place: part JP4_5 filtered out because of missing pick-n-place string
{'5.40': '56.50', '23.90': '39.40', '270.00': '0.00', '1N': 'JST-SH-4', 'C0402': 'JST-SH-4'}
Pick-n-place: part JP5_5 filtered out because of missing pick-n-place string
{'5.40': '56.50', '23.90': '63.60', '270.00': '180.00', '1N': 'JST-SH-4', 'C0402': 'JST-SH-4'}
Pick-n-place: part JP6_5 filtered out because of missing pick-n-place string
{'5.40': '64.60', '23.90': '58.00', '270.00': '90.00', '1N': 'JST-SH-4', 'C0402': 'JST-SH-4'}
Pick-n-place: part L1_4 filtered out because of missing pick-n-place string
{'5.40': '25.00', '23.90': '47.27', '270.00': '270.00', '1N': '22u', 'C0402': 'LQH3NPNXXXXMEX'}
Pick-n-place: part L1_5 filtered out because of missing pick-n-place string
{'5.40': '61.50', '23.90': '50.23', '270.00': '90.00', '1N': '22u', 'C0402': 'LQH3NPNXXXXMEX'}
Pick-n-place: part R1_1 filtered out because of missing pick-n-place string
{'5.40': '10.20', '23.90': '24.10', '270.00': '270.00', '1N': '1M 1%', 'C0402': 'R0402'}
Pick-n-place: part R1_2 filtered out because of missing pick-n-place string
{'5.40': '51.70', '23.90': '15.24', '270.00': '0.00', '1N': '1k', 'C0402': '0805'}
Pick-n-place: part R1_3 filtered out because of missing pick-n-place string
{'5.40': '52.40', '23.90': '30.20', '270.00': '0.00', '1N': '953k', 'C0402': '0603'}
Pick-n-place: part R1_4 filtered out because of missing pick-n-place string
{'5.40': '24.20', '23.90': '41.40', '270.00': '270.00', '1N': '130k', 'C0402': 'R0603'}
Pick-n-place: part R1_5 filtered out because of missing pick-n-place string
{'5.40': '60.20', '23.90': '59.00', '270.00': '90.00', '1N': '240k', 'C0402': 'R0603'}
Pick-n-place: part R2_1 filtered out because of missing pick-n-place string
{'5.40': '11.30', '23.90': '24.10', '270.00': '90.00', '1N': '150k 1%', 'C0402': 'R0402'}
Pick-n-place: part R2_2 filtered out because of missing pick-n-place string
{'5.40': '55.51', '23.90': '2.03', '270.00': '0.00', '1N': '100k', 'C0402': '0805'}
Pick-n-place: part R2_3 filtered out because of missing pick-n-place string
{'5.40': '48.94', '23.90': '28.55', '270.00': '270.00', '1N': '464k', 'C0402': '0603'}
Pick-n-place: part R2_4 filtered out because of missing pick-n-place string
{'5.40': '25.70', '23.90': '41.40', '270.00': '270.00', '1N': '200k', 'C0402': 'R0603'}
Pick-n-place: part R3_1 filtered out because of missing pick-n-place string
{'5.40': '12.00', '23.90': '2.00', '270.00': '0.00', '1N': '3.3 1%', 'C0402': 'R0603'}
Pick-n-place: part R3_2 filtered out because of missing pick-n-place string
{'5.40': '56.78', '23.90': '5.08', '270.00': '90.00', '1N': '102k', 'C0402': '0805'}
Pick-n-place: part R3_3 filtered out because of missing pick-n-place string
{'5.40': '50.06', '23.90': '25.74', '270.00': '180.00', '1N': '768k', 'C0402': '0603'}
Pick-n-place: part R3_4 filtered out because of missing pick-n-place string
{'5.40': '27.00', '23.90': '51.30', '270.00': '180.00', '1N': '360k', 'C0402': 'R0603'}
Pick-n-place: part R3_5 filtered out because of missing pick-n-place string
{'5.40': '59.50', '23.90': '46.20', '270.00': '0.00', '1N': '360k', 'C0402': 'R0603'}
Pick-n-place: part R4_1 filtered out because of missing pick-n-place string
{'5.40': '14.50', '23.90': '15.60', '270.00': '270.00', '1N': '150k 1%', 'C0402': 'R0402'}
Pick-n-place: part R4_2 filtered out because of missing pick-n-place string
{'5.40': '55.51', '23.90': '9.53', '270.00': '0.00', '1N': '100k', 'C0402': '0805'}
Pick-n-place: part R4_4 filtered out because of missing pick-n-place string
{'5.40': '30.10', '23.90': '51.30', '270.00': '180.00', '1N': '240k', 'C0402': 'R0603'}
Pick-n-place: part R4_5 filtered out because of missing pick-n-place string
{'5.40': '56.40', '23.90': '46.20', '270.00': '0.00', '1N': '240k', 'C0402': 'R0603'}
Pick-n-place: part R5_1 filtered out because of missing pick-n-place string
{'5.40': '14.80', '23.90': '22.60', '270.00': '90.00', '1N': '10k', 'C0402': 'R0402'}
Pick-n-place: part R5_2 filtered out because of missing pick-n-place string
{'5.40': '59.45', '23.90': '9.53', '270.00': '180.00', '1N': '6.2k', 'C0402': '0805'}
Pick-n-place: part R5_4 filtered out because of missing pick-n-place string
{'5.40': '20.60', '23.90': '52.40', '270.00': '0.00', '1N': '330', 'C0402': 'R0603'}
Pick-n-place: part R6_1 filtered out because of missing pick-n-place string
{'5.40': '16.90', '23.90': '18.70', '270.00': '180.00', '1N': '150K 1%', 'C0402': 'R0402'}
Pick-n-place: part R6_4 filtered out because of missing pick-n-place string
{'5.40': '14.00', '23.90': '47.00', '270.00': '0.00', '1N': '100', 'C0402': 'R0603'}
Pick-n-place: part U1_1 filtered out because of missing pick-n-place string
{'5.40': '8.10', '23.90': '20.50', '270.00': '270.00', '1N': 'CDBHD140L-G', 'C0402': 'CDBHDXX0L-G'}
Pick-n-place: part U1_2 filtered out because of missing pick-n-place string
{'5.40': '52.97', '23.90': '5.08', '270.00': '270.00', '1N': 'V_REG_MIC5235', 'C0402': 'SOT23-5'}
Pick-n-place: part U1_3 filtered out because of missing pick-n-place string
{'5.40': '52.92', '23.90': '27.39', '270.00': '0.00', '1N': 'MIC841', 'C0402': 'SC-70_C5_MCH'}
Pick-n-place: part U1_4 filtered out because of missing pick-n-place string
{'5.40': '28.86', '23.90': '48.70', '270.00': '180.00', '1N': 'TPS62120', 'C0402': 'SOP65P280X145-8N'}
Pick-n-place: part U1_5 filtered out because of missing pick-n-place string
{'5.40': '57.64', '23.90': '48.80', '270.00': '0.00', '1N': 'TPS62120', 'C0402': 'SOP65P280X145-8N'}
Pick-n-place: part U2_1 filtered out because of missing pick-n-place string
{'5.40': '8.10', '23.90': '5.50', '270.00': '270.00', '1N': 'CDBHD140L-G', 'C0402': 'CDBHDXX0L-G'}
Pick-n-place: part U2_3 filtered out because of missing pick-n-place string
{'5.40': '57.72', '23.90': '27.51', '270.00': '0.00', '1N': 'TPS7A02', 'C0402': 'SOT23-5'}
Pick-n-place: part U2_4 filtered out because of missing pick-n-place string
{'5.40': '17.00', '23.90': '50.00', '270.00': '180.00', '1N': 'TP2104K1-G', 'C0402': 'TP2104K1-G'}
Pick-n-place: part U3_1 filtered out because of missing pick-n-place string
{'5.40': '12.50', '23.90': '15.60', '270.00': '0.00', '1N': 'MAX9938', 'C0402': 'SOT23-5'}
Pick-n-place: part U3_4 filtered out because of missing pick-n-place string
{'5.40': '17.00', '23.90': '42.00', '270.00': '180.00', '1N': 'TN2106K1-G', 'C0402': 'TN2106K1-G'}
Pick-n-place: part U4_1 filtered out because of missing pick-n-place string
{'5.40': '17.00', '23.90': '22.10', '270.00': '0.00', '1N': 'TN2106K1-G', 'C0402': 'TN2106K1-G'}
Pick-n-place: part U7_4 filtered out because of missing pick-n-place string
{'5.40': '28.81', '23.90': '41.46', '270.00': '180.00', '1N': 'MIC5225', 'C0402': 'MIC5225'}
C4_4 is in BOM but not in pick-n-place files
C3_4 is in BOM but not in pick-n-place files
R1_4 is in BOM but not in pick-n-place files
D1_2 is in BOM but not in pick-n-place files
R3_5 is in BOM but not in pick-n-place files
C4_1 is in BOM but not in pick-n-place files
U1_1 is in BOM but not in pick-n-place files
R1_3 is in BOM but not in pick-n-place files
C27_5 is in BOM but not in pick-n-place files
R4_1 is in BOM but not in pick-n-place files
U1_4 is in BOM but not in pick-n-place files
U2_3 is in BOM but not in pick-n-place files
JP4_5 is in BOM but not in pick-n-place files
U7_4 is in BOM but not in pick-n-place files
R5_4 is in BOM but not in pick-n-place files
L1_5 is in BOM but not in pick-n-place files
R2_2 is in BOM but not in pick-n-place files
R3_2 is in BOM but not in pick-n-place files
R4_5 is in BOM but not in pick-n-place files
U1_5 is in BOM but not in pick-n-place files
U1_2 is in BOM but not in pick-n-place files
R1_5 is in BOM but not in pick-n-place files
C3_1 is in BOM but not in pick-n-place files
JP2_1 is in BOM but not in pick-n-place files
JP2_2 is in BOM but not in pick-n-place files
C27_4 is in BOM but not in pick-n-place files
D2_2 is in BOM but not in pick-n-place files
JP2_4 is in BOM but not in pick-n-place files
R1_2 is in BOM but not in pick-n-place files
R4_2 is in BOM but not in pick-n-place files
R5_1 is in BOM but not in pick-n-place files
JP1_2 is in BOM but not in pick-n-place files
JP2_5 is in BOM but not in pick-n-place files
R3_3 is in BOM but not in pick-n-place files
R2_1 is in BOM but not in pick-n-place files
C26_4 is in BOM but not in pick-n-place files
U2_1 is in BOM but not in pick-n-place files
U4_1 is in BOM but not in pick-n-place files
R5_2 is in BOM but not in pick-n-place files
J2_3 is in BOM but not in pick-n-place files
JP3_1 is in BOM but not in pick-n-place files
R3_4 is in BOM but not in pick-n-place files
C1_2 is in BOM but not in pick-n-place files
D3_2 is in BOM but not in pick-n-place files
C2_2 is in BOM but not in pick-n-place files
JP1_4 is in BOM but not in pick-n-place files
U1_3 is in BOM but not in pick-n-place files
D2_1 is in BOM but not in pick-n-place files
C1_4 is in BOM but not in pick-n-place files
D3_1 is in BOM but not in pick-n-place files
D4_1 is in BOM but not in pick-n-place files
C2_5 is in BOM but not in pick-n-place files
C3_2 is in BOM but not in pick-n-place files
R6_1 is in BOM but not in pick-n-place files
U2_4 is in BOM but not in pick-n-place files
C28_4 is in BOM but not in pick-n-place files
D4_2 is in BOM but not in pick-n-place files
U3_1 is in BOM but not in pick-n-place files
D1_1 is in BOM but not in pick-n-place files
C7_1 is in BOM but not in pick-n-place files
R1_1 is in BOM but not in pick-n-place files
JP1_5 is in BOM but not in pick-n-place files
L1_4 is in BOM but not in pick-n-place files
J1_1 is in BOM but not in pick-n-place files
C1_5 is in BOM but not in pick-n-place files
J1_3 is in BOM but not in pick-n-place files
JP6_5 is in BOM but not in pick-n-place files
J1_4 is in BOM but not in pick-n-place files
C1_1 is in BOM but not in pick-n-place files
R4_4 is in BOM but not in pick-n-place files
C2_3 is in BOM but not in pick-n-place files
C2_1 is in BOM but not in pick-n-place files
R2_4 is in BOM but not in pick-n-place files
JP5_5 is in BOM but not in pick-n-place files
JP3_5 is in BOM but not in pick-n-place files
R2_3 is in BOM but not in pick-n-place files
R3_1 is in BOM but not in pick-n-place files
C1_3 is in BOM but not in pick-n-place files
D5_2 is in BOM but not in pick-n-place files
U3_4 is in BOM but not in pick-n-place files
C2_4 is in BOM but not in pick-n-place files
R6_4 is in BOM but not in pick-n-place files
"IDENTIFIER", "MFR_PN", "X (MM)", "Y (MM)", "ROTATION", "SIDE", 
